population,variant,allocation,metric,block_length_months,replications,observations,estimate,ci_2_5,bootstrap_median,ci_97_5,p_two_sided
gbp_fixed,broad,equal_group,ic,6,2000,103,0.026533523826460504,0.007504705998093443,0.026713406632356943,0.04290943884260756,0.01
gbp_fixed,broad,equal_group,spread,6,2000,103,0.004175760542679876,-0.002141035935847381,0.004315775328813816,0.009783781205130437,0.197
gbp_fixed,broad,equal_group,spread_winsorised,6,2000,103,0.0046396764316374,-0.0018668961280639152,0.004784727959026142,0.010218188740703611,0.135
gbp_fixed,broad,equal_group,net_spread_25bps,6,2000,102,0.0024479266347893604,-0.004198231588522821,0.0024384131412034807,0.00819896174919247,0.402
gbp_fixed,broad,equal_group,ic,3,1000,103,0.026533523826460504,0.00958037904881784,0.02626412007081973,0.042364118244818214,0.004
gbp_fixed,broad,equal_group,spread,3,1000,103,0.004175760542679876,-0.0016682089083255177,0.00411646967003711,0.009282718525488072,0.186
gbp_fixed,broad,equal_group,spread_winsorised,3,1000,103,0.0046396764316374,-0.0008524013652464366,0.004667948566792156,0.009635081416622806,0.098
gbp_fixed,broad,equal_group,net_spread_25bps,3,1000,102,0.0024479266347893604,-0.0034957265509555405,0.002535654934344769,0.007853958621793724,0.382
gbp_fixed,broad,equal_group,ic,12,1000,103,0.026533523826460504,0.007481962504366039,0.02668818975113883,0.04494782236190944,0.004
gbp_fixed,broad,equal_group,spread,12,1000,103,0.004175760542679876,-0.0019682414765613086,0.004279299305759504,0.009877384245170843,0.166
gbp_fixed,broad,equal_group,spread_winsorised,12,1000,103,0.0046396764316374,-0.0014040727505479165,0.0046557520800598485,0.01026006882182064,0.138
gbp_fixed,broad,equal_group,net_spread_25bps,12,1000,102,0.0024479266347893604,-0.003777766213436022,0.0027368200519171234,0.008155849168562237,0.448
gbp_fixed,broad,equal_signal,ic,6,2000,103,0.047738328551030884,0.028471135842156412,0.04785985490366884,0.06774922246641799,0.0
gbp_fixed,broad,equal_signal,spread,6,2000,103,0.008151101428578124,0.001817615161175443,0.008214969008194252,0.014210497981805346,0.009
gbp_fixed,broad,equal_signal,spread_winsorised,6,2000,103,0.008765394772872828,0.0026363788868837934,0.008773829782117389,0.01441065395449257,0.003
gbp_fixed,broad,equal_signal,net_spread_25bps,6,2000,102,0.006053726790785127,-0.0003193546110159013,0.006161884649543457,0.012187046599709678,0.06
gbp_fixed,broad,equal_signal,ic,3,1000,103,0.047738328551030884,0.029105064347863474,0.04730642112980781,0.06621511668055513,0.0
gbp_fixed,broad,equal_signal,spread,3,1000,103,0.008151101428578124,0.002394984977579823,0.008248979841263146,0.014357270609775154,0.01
gbp_fixed,broad,equal_signal,spread_winsorised,3,1000,103,0.008765394772872828,0.00255792910197807,0.008645698687137092,0.014710174668507612,0.004
gbp_fixed,broad,equal_signal,net_spread_25bps,3,1000,102,0.006053726790785127,-4.641888638501057e-05,0.006174635167548853,0.012244731436115014,0.052
gbp_fixed,broad,equal_signal,ic,12,1000,103,0.047738328551030884,0.028072475965490395,0.04796553455225282,0.06828171070313767,0.0
gbp_fixed,broad,equal_signal,spread,12,1000,103,0.008151101428578124,0.001676035160242427,0.008208993418183088,0.013607010532857927,0.018
gbp_fixed,broad,equal_signal,spread_winsorised,12,1000,103,0.008765394772872828,0.0030347021327781607,0.00884465849239657,0.014146193655098437,0.008
gbp_fixed,broad,equal_signal,net_spread_25bps,12,1000,102,0.006053726790785127,-0.0005524207587550367,0.005915563032131105,0.011853535741405527,0.06
gbp_fixed,broad,inverse_redundancy,ic,6,2000,67,0.031923020513062055,0.0019301455109061747,0.032615212573661775,0.0544498258967291,0.039
gbp_fixed,broad,inverse_redundancy,spread,6,2000,67,0.004417984458130765,-0.004972677201643894,0.00471621331622509,0.012933967856526646,0.337
gbp_fixed,broad,inverse_redundancy,spread_winsorised,6,2000,67,0.00497713408900799,-0.004497733745614605,0.00534031954623517,0.012523490169235627,0.279
gbp_fixed,broad,inverse_redundancy,net_spread_25bps,6,2000,66,0.0025947910990245346,-0.007160801867006062,0.0029114970733136345,0.010529711028831002,0.521
gbp_fixed,broad,inverse_redundancy,ic,3,1000,67,0.031923020513062055,0.007211266000050817,0.0326665899632817,0.053457057430232956,0.016
gbp_fixed,broad,inverse_redundancy,spread,3,1000,67,0.004417984458130765,-0.003959591221705262,0.004397561373943554,0.011589354630870343,0.306
gbp_fixed,broad,inverse_redundancy,spread_winsorised,3,1000,67,0.00497713408900799,-0.003107576592290661,0.004806528036987633,0.012438070208030129,0.228
gbp_fixed,broad,inverse_redundancy,net_spread_25bps,3,1000,66,0.0025947910990245346,-0.005413663212028962,0.0029094884164079645,0.010884185994226948,0.516
gbp_fixed,broad,inverse_redundancy,ic,12,1000,67,0.031923020513062055,0.0013906399280866858,0.03262653913480332,0.05699597007747598,0.04
gbp_fixed,broad,inverse_redundancy,spread,12,1000,67,0.004417984458130765,-0.005014985780750048,0.0048222452804106645,0.01225951756822128,0.34
gbp_fixed,broad,inverse_redundancy,spread_winsorised,12,1000,67,0.00497713408900799,-0.004272433301512807,0.005315719992490352,0.01230757918481537,0.268
gbp_fixed,broad,inverse_redundancy,net_spread_25bps,12,1000,66,0.0025947910990245346,-0.00667941253939005,0.0029339238497386017,0.010772944254494068,0.534
gbp_fixed,broad,trailing_positive_evidence,ic,6,2000,67,0.043655029462504436,0.018683341698520952,0.043500721830011385,0.06847434151111464,0.001
gbp_fixed,broad,trailing_positive_evidence,spread,6,2000,67,0.004261760437791907,-0.003856394419268422,0.004200654833486958,0.012432294108153157,0.301
gbp_fixed,broad,trailing_positive_evidence,spread_winsorised,6,2000,67,0.005121389454610083,-0.002181266456157165,0.0052668651824619404,0.013013420913583212,0.199
gbp_fixed,broad,trailing_positive_evidence,net_spread_25bps,6,2000,66,0.0020869914875994012,-0.005901387592119748,0.0020863565424945,0.010124007892360527,0.62
gbp_fixed,broad,trailing_positive_evidence,ic,3,1000,67,0.043655029462504436,0.018621079624827588,0.044155813027363724,0.06728993230387528,0.0
gbp_fixed,broad,trailing_positive_evidence,spread,3,1000,67,0.004261760437791907,-0.0035330727399202912,0.0046683401587823345,0.012538821068692283,0.274
gbp_fixed,broad,trailing_positive_evidence,spread_winsorised,3,1000,67,0.005121389454610083,-0.002214965158450118,0.0052346966470824385,0.012673236800676566,0.198
gbp_fixed,broad,trailing_positive_evidence,net_spread_25bps,3,1000,66,0.0020869914875994012,-0.005633210125763515,0.002211323441138249,0.009648837528399751,0.596
gbp_fixed,broad,trailing_positive_evidence,ic,12,1000,67,0.043655029462504436,0.017087633730876985,0.04386806826050708,0.07211349168208002,0.0
gbp_fixed,broad,trailing_positive_evidence,spread,12,1000,67,0.004261760437791907,-0.003969366200968066,0.003699248415672922,0.012072868750078049,0.31
gbp_fixed,broad,trailing_positive_evidence,spread_winsorised,12,1000,67,0.005121389454610083,-0.0021933650471524153,0.005369153689234432,0.01298904819391146,0.184
gbp_fixed,broad,trailing_positive_evidence,net_spread_25bps,12,1000,66,0.0020869914875994012,-0.0055042225069952145,0.002278677834030378,0.010130471340104167,0.6
gbp_fixed,broad_deduplicated,equal_group,ic,6,2000,103,0.027422199658942693,0.007803369578923783,0.028011516810251786,0.0441273875662193,0.012
gbp_fixed,broad_deduplicated,equal_group,spread,6,2000,103,0.004308079203740295,-0.002288584137787399,0.004314853703866637,0.009752571943320843,0.184
gbp_fixed,broad_deduplicated,equal_group,spread_winsorised,6,2000,103,0.004714294726794704,-0.0012781378602065093,0.004896995259191062,0.010144087512416189,0.101
gbp_fixed,broad_deduplicated,equal_group,net_spread_25bps,6,2000,102,0.0025303554435699128,-0.0040438238125838,0.002588380949081989,0.008199104189994349,0.4
gbp_fixed,broad_deduplicated,equal_group,ic,3,1000,103,0.027422199658942693,0.009209904159091864,0.028079616228547565,0.04384489623054419,0.0
gbp_fixed,broad_deduplicated,equal_group,spread,3,1000,103,0.004308079203740295,-0.0016621291880157386,0.004344488887927365,0.009292894137110454,0.144
gbp_fixed,broad_deduplicated,equal_group,spread_winsorised,3,1000,103,0.004714294726794704,-0.0007619811840704275,0.004843075686660616,0.009803937094038626,0.088
gbp_fixed,broad_deduplicated,equal_group,net_spread_25bps,3,1000,102,0.0025303554435699128,-0.003146587387853697,0.0026397234748355637,0.007971529751672684,0.384
gbp_fixed,broad_deduplicated,equal_group,ic,12,1000,103,0.027422199658942693,0.006331362906839307,0.02726841386611458,0.046298589678561645,0.016
gbp_fixed,broad_deduplicated,equal_group,spread,12,1000,103,0.004308079203740295,-0.0017518015473340827,0.0044627211545366155,0.010102905223250497,0.176
gbp_fixed,broad_deduplicated,equal_group,spread_winsorised,12,1000,103,0.004714294726794704,-0.001618547374116866,0.0047600632549286166,0.01042326174710312,0.14
gbp_fixed,broad_deduplicated,equal_group,net_spread_25bps,12,1000,102,0.0025303554435699128,-0.0042710029074297245,0.0026366578777910635,0.007929818368533976,0.418
gbp_fixed,broad_deduplicated,equal_signal,ic,6,2000,103,0.049138248399426335,0.02920853076377341,0.04937528875704272,0.06774748097999561,0.0
gbp_fixed,broad_deduplicated,equal_signal,spread,6,2000,103,0.009087185948563071,0.003177601036229485,0.009121701914262988,0.014677243362394525,0.001
gbp_fixed,broad_deduplicated,equal_signal,spread_winsorised,6,2000,103,0.009609366928884875,0.0035873241084138797,0.009655828600592851,0.015559088552764753,0.003
gbp_fixed,broad_deduplicated,equal_signal,net_spread_25bps,6,2000,102,0.0070379743084943635,0.0010440284169972922,0.007056199002228632,0.012757708722946497,0.023
gbp_fixed,broad_deduplicated,equal_signal,ic,3,1000,103,0.049138248399426335,0.03096084906549805,0.049611547541148104,0.06604196742697038,0.0
gbp_fixed,broad_deduplicated,equal_signal,spread,3,1000,103,0.009087185948563071,0.0033306120173974417,0.009147850724144039,0.01496564065839035,0.002
gbp_fixed,broad_deduplicated,equal_signal,spread_winsorised,3,1000,103,0.009609366928884875,0.003324065612996702,0.00945802841469567,0.015140690487150884,0.002
gbp_fixed,broad_deduplicated,equal_signal,net_spread_25bps,3,1000,102,0.0070379743084943635,0.0009473258803101167,0.00726568477939832,0.012524430170520774,0.026
gbp_fixed,broad_deduplicated,equal_signal,ic,12,1000,103,0.049138248399426335,0.029179318924853904,0.04960352037421674,0.06854382270754913,0.0
gbp_fixed,broad_deduplicated,equal_signal,spread,12,1000,103,0.009087185948563071,0.0032002313370865735,0.00920238672672933,0.014874615943866944,0.004
gbp_fixed,broad_deduplicated,equal_signal,spread_winsorised,12,1000,103,0.009609366928884875,0.004103088977210203,0.009927924270946333,0.014571473660578527,0.002
gbp_fixed,broad_deduplicated,equal_signal,net_spread_25bps,12,1000,102,0.0070379743084943635,0.000923870844991969,0.007248207986596447,0.01293359280039391,0.024
gbp_fixed,broad_deduplicated,inverse_redundancy,ic,6,2000,67,0.03306839840370532,0.00474477260150612,0.034512393995579996,0.05710721833521039,0.02
gbp_fixed,broad_deduplicated,inverse_redundancy,spread,6,2000,67,0.004771388713919047,-0.005425357055208258,0.005100783735163707,0.013236824470341215,0.291
gbp_fixed,broad_deduplicated,inverse_redundancy,spread_winsorised,6,2000,67,0.005510003333797976,-0.0035655768199831456,0.005552917136478173,0.01329339097524893,0.235
gbp_fixed,broad_deduplicated,inverse_redundancy,net_spread_25bps,6,2000,66,0.0028424903695653766,-0.0070751631455784605,0.0033064974073309505,0.010979344783261579,0.536
gbp_fixed,broad_deduplicated,inverse_redundancy,ic,3,1000,67,0.03306839840370532,0.007339618605334885,0.03384393329843574,0.05447127653010944,0.02
gbp_fixed,broad_deduplicated,inverse_redundancy,spread,3,1000,67,0.004771388713919047,-0.003781541692594637,0.004976367059513394,0.012414996177068245,0.284
gbp_fixed,broad_deduplicated,inverse_redundancy,spread_winsorised,3,1000,67,0.005510003333797976,-0.0031557645074514152,0.005463643624774665,0.013490024807353562,0.208
gbp_fixed,broad_deduplicated,inverse_redundancy,net_spread_25bps,3,1000,66,0.0028424903695653766,-0.006846714265063909,0.0028021609250638417,0.010561318847118174,0.512
gbp_fixed,broad_deduplicated,inverse_redundancy,ic,12,1000,67,0.03306839840370532,0.004139581222950345,0.034300925768113805,0.05559535687008716,0.022
gbp_fixed,broad_deduplicated,inverse_redundancy,spread,12,1000,67,0.004771388713919047,-0.004810855867241666,0.005139040670169919,0.012889449257900571,0.32
gbp_fixed,broad_deduplicated,inverse_redundancy,spread_winsorised,12,1000,67,0.005510003333797976,-0.003524153134748247,0.00618261454743824,0.013445505829184719,0.22
gbp_fixed,broad_deduplicated,inverse_redundancy,net_spread_25bps,12,1000,66,0.0028424903695653766,-0.007363001195230493,0.003281534760146052,0.011003332200954808,0.53
gbp_fixed,broad_deduplicated,trailing_positive_evidence,ic,6,2000,67,0.04453162453746648,0.01680897770289733,0.04534418320907719,0.06988292024644151,0.003
gbp_fixed,broad_deduplicated,trailing_positive_evidence,spread,6,2000,67,0.004807041165996058,-0.0029829414001965515,0.004592301325344989,0.01226381084148942,0.239
gbp_fixed,broad_deduplicated,trailing_positive_evidence,spread_winsorised,6,2000,67,0.005773126290349156,-0.002293804399522148,0.005682185738192609,0.013508967585640052,0.173
gbp_fixed,broad_deduplicated,trailing_positive_evidence,net_spread_25bps,6,2000,66,0.0025366122817488818,-0.005631410658475402,0.002673284227204872,0.01039196483848749,0.512
gbp_fixed,broad_deduplicated,trailing_positive_evidence,ic,3,1000,67,0.04453162453746648,0.02059542159656035,0.04504502605056661,0.0678235465622185,0.0
gbp_fixed,broad_deduplicated,trailing_positive_evidence,spread,3,1000,67,0.004807041165996058,-0.002809971125587573,0.004718883652838903,0.01257681419898358,0.218
gbp_fixed,broad_deduplicated,trailing_positive_evidence,spread_winsorised,3,1000,67,0.005773126290349156,-0.0013436381917378394,0.006084530781819543,0.013116373856205316,0.112
gbp_fixed,broad_deduplicated,trailing_positive_evidence,net_spread_25bps,3,1000,66,0.0025366122817488818,-0.005183885913673844,0.0024271422651945254,0.009983801096987785,0.53
gbp_fixed,broad_deduplicated,trailing_positive_evidence,ic,12,1000,67,0.04453162453746648,0.015700764866176005,0.04467214530703327,0.06988489876154003,0.004
gbp_fixed,broad_deduplicated,trailing_positive_evidence,spread,12,1000,67,0.004807041165996058,-0.002465490096186038,0.004957684424401795,0.012070980710088393,0.216
gbp_fixed,broad_deduplicated,trailing_positive_evidence,spread_winsorised,12,1000,67,0.005773126290349156,-0.0015403900443414747,0.005981312012465385,0.01329515426735584,0.112
gbp_fixed,broad_deduplicated,trailing_positive_evidence,net_spread_25bps,12,1000,66,0.0025366122817488818,-0.005624849144571489,0.002527898582388415,0.010101865401666287,0.542
gbp_fixed,native,equal_group,ic,6,2000,103,0.04334792547420217,0.02465271395976225,0.043278964940987576,0.060811855566871194,0.0
gbp_fixed,native,equal_group,spread,6,2000,103,0.003813240511896597,-0.0024722474709281453,0.0039262423702961565,0.010086013347084128,0.243
gbp_fixed,native,equal_group,spread_winsorised,6,2000,103,0.005100403304363766,-0.001191967397235508,0.005188584410127968,0.010994018191095594,0.113
gbp_fixed,native,equal_group,net_spread_25bps,6,2000,102,0.0015569954477108162,-0.005118898119807128,0.0015919613824543796,0.007815236226940045,0.658
gbp_fixed,native,equal_group,ic,3,1000,103,0.04334792547420217,0.022602173606554095,0.043960461505608645,0.06237366548386923,0.0
gbp_fixed,native,equal_group,spread,3,1000,103,0.003813240511896597,-0.003013872122775554,0.003955836775035821,0.00992519351994659,0.24
gbp_fixed,native,equal_group,spread_winsorised,3,1000,103,0.005100403304363766,-0.0011870785016001167,0.005259167946470286,0.01131624748531091,0.12
gbp_fixed,native,equal_group,net_spread_25bps,3,1000,102,0.0015569954477108162,-0.005325557379886492,0.0017208680340745142,0.007562920165068816,0.612
gbp_fixed,native,equal_group,ic,12,1000,103,0.04334792547420217,0.026677506478396673,0.04383312971288893,0.05999016093842228,0.0
gbp_fixed,native,equal_group,spread,12,1000,103,0.003813240511896597,-0.0027371976444366107,0.0038250666699066378,0.009742945368408047,0.236
gbp_fixed,native,equal_group,spread_winsorised,12,1000,103,0.005100403304363766,-0.0008196090188186224,0.0051829360130153474,0.010739940062052826,0.098
gbp_fixed,native,equal_group,net_spread_25bps,12,1000,102,0.0015569954477108162,-0.005135958623319711,0.0016935548594061566,0.007841046360671136,0.628
gbp_fixed,native,equal_signal,ic,6,2000,103,0.038241428526140465,0.018268001482006562,0.03833772738522976,0.057036039619967706,0.0
gbp_fixed,native,equal_signal,spread,6,2000,103,0.0015233127753730728,-0.005318197589366459,0.001511742051155963,0.008000762316612117,0.672
gbp_fixed,native,equal_signal,spread_winsorised,6,2000,103,0.002978776015648857,-0.0035861827758762927,0.00305014227607988,0.008857613593829585,0.375
gbp_fixed,native,equal_signal,net_spread_25bps,6,2000,102,-0.0008125781527593891,-0.007799611633468085,-0.0006144010630028257,0.005689111639237674,0.851
gbp_fixed,native,equal_signal,ic,3,1000,103,0.038241428526140465,0.0173909617792885,0.03874068783810851,0.06033371296227808,0.0
gbp_fixed,native,equal_signal,spread,3,1000,103,0.0015233127753730728,-0.005626709720550218,0.0016858848112600727,0.008720707952660035,0.708
gbp_fixed,native,equal_signal,spread_winsorised,3,1000,103,0.002978776015648857,-0.0036554156052451578,0.00315591916652669,0.009987179512868838,0.374
gbp_fixed,native,equal_signal,net_spread_25bps,3,1000,102,-0.0008125781527593891,-0.00809640857023829,-0.0008627024927876102,0.006587490162344793,0.818
gbp_fixed,native,equal_signal,ic,12,1000,103,0.038241428526140465,0.01942948456170028,0.03865403183474836,0.05826661893720524,0.0
gbp_fixed,native,equal_signal,spread,12,1000,103,0.0015233127753730728,-0.004574858257206527,0.0014349399918647775,0.007914520430159796,0.614
gbp_fixed,native,equal_signal,spread_winsorised,12,1000,103,0.002978776015648857,-0.003229408719445751,0.003083462083106488,0.009114460869515228,0.338
gbp_fixed,native,equal_signal,net_spread_25bps,12,1000,102,-0.0008125781527593891,-0.0074571596147302065,-0.0004611609853219298,0.00554799783644031,0.886
gbp_fixed,native,inverse_redundancy,ic,6,2000,67,0.04533382775740571,0.018565064827632736,0.04507303457910796,0.06977984976843803,0.0
gbp_fixed,native,inverse_redundancy,spread,6,2000,67,0.00385261030959221,-0.005358248560101165,0.0039587664837287834,0.012255595206461013,0.353
gbp_fixed,native,inverse_redundancy,spread_winsorised,6,2000,67,0.0056348330446020145,-0.0031779878349505373,0.005524614174809516,0.013660249949596795,0.205
gbp_fixed,native,inverse_redundancy,net_spread_25bps,6,2000,66,0.0015571374510513307,-0.007014878031818613,0.0014418020764138503,0.009716428316801019,0.704
gbp_fixed,native,inverse_redundancy,ic,3,1000,67,0.04533382775740571,0.019059410954143714,0.04491030533686909,0.07040835583062732,0.0
gbp_fixed,native,inverse_redundancy,spread,3,1000,67,0.00385261030959221,-0.004460558106409725,0.00392056391508732,0.012244381383234249,0.362
gbp_fixed,native,inverse_redundancy,spread_winsorised,3,1000,67,0.0056348330446020145,-0.0025877114640590953,0.0057025695962052494,0.013271439708023058,0.158
gbp_fixed,native,inverse_redundancy,net_spread_25bps,3,1000,66,0.0015571374510513307,-0.00778421640807495,0.0013425951583305132,0.009913972743301,0.78
gbp_fixed,native,inverse_redundancy,ic,12,1000,67,0.04533382775740571,0.02007807980407424,0.04491121471475067,0.06587453260034437,0.0
gbp_fixed,native,inverse_redundancy,spread,12,1000,67,0.00385261030959221,-0.004687817336381792,0.003972280290865247,0.011094325579221073,0.356
gbp_fixed,native,inverse_redundancy,spread_winsorised,12,1000,67,0.0056348330446020145,-0.002580007203781411,0.005574201574229285,0.012292228403777647,0.184
gbp_fixed,native,inverse_redundancy,net_spread_25bps,12,1000,66,0.0015571374510513307,-0.006189558886713054,0.0016459029474874293,0.009157966779333162,0.72
gbp_fixed,native,trailing_positive_evidence,ic,6,2000,67,0.03535252763663375,0.017302506961399504,0.03510370812020351,0.05362500093627513,0.001
gbp_fixed,native,trailing_positive_evidence,spread,6,2000,67,0.0034346192859112815,-0.004144817318258662,0.0034807769677414895,0.010387868840056163,0.354
gbp_fixed,native,trailing_positive_evidence,spread_winsorised,6,2000,67,0.004623549467422485,-0.002587089384609052,0.004586395303849279,0.011019317618345754,0.192
gbp_fixed,native,trailing_positive_evidence,net_spread_25bps,6,2000,66,0.0012281745564538963,-0.006185274634413056,0.001530888803911157,0.00820137729379196,0.677
gbp_fixed,native,trailing_positive_evidence,ic,3,1000,67,0.03535252763663375,0.012566896889720314,0.035124513763225215,0.05548574306284423,0.0
gbp_fixed,native,trailing_positive_evidence,spread,3,1000,67,0.0034346192859112815,-0.004630152365434781,0.0036318208467989352,0.010616458549538951,0.406
gbp_fixed,native,trailing_positive_evidence,spread_winsorised,3,1000,67,0.004623549467422485,-0.0024501199060254085,0.00491848031339544,0.011711971438364367,0.2
gbp_fixed,native,trailing_positive_evidence,net_spread_25bps,3,1000,66,0.0012281745564538963,-0.007256426349719502,0.001283680544332636,0.008858347991612187,0.754
gbp_fixed,native,trailing_positive_evidence,ic,12,1000,67,0.03535252763663375,0.016358582822044825,0.03545719949095609,0.052694420335713595,0.0
gbp_fixed,native,trailing_positive_evidence,spread,12,1000,67,0.0034346192859112815,-0.004691353328021113,0.0034273937520719624,0.00968014994345354,0.386
gbp_fixed,native,trailing_positive_evidence,spread_winsorised,12,1000,67,0.004623549467422485,-0.0018550067172058227,0.004895058184056871,0.01095131209302965,0.144
gbp_fixed,native,trailing_positive_evidence,net_spread_25bps,12,1000,66,0.0012281745564538963,-0.006846706314552012,0.001235329591274396,0.008631524414129857,0.744
us_domestic_fixed,us_deduplicated,equal_group,ic,6,2000,101,0.003860482209066419,-0.02108575856650701,0.00363717567225546,0.031471134764069535,0.776
us_domestic_fixed,us_deduplicated,equal_group,spread,6,2000,101,-0.0047109801729440315,-0.014965870137104641,-0.004612155379417464,0.0055960566461836555,0.351
us_domestic_fixed,us_deduplicated,equal_group,spread_winsorised,6,2000,101,-0.0026222730762034893,-0.012127547020855353,-0.0029226276284015093,0.006608768283879787,0.539
us_domestic_fixed,us_deduplicated,equal_group,net_spread_25bps,6,2000,100,-0.006249688558900797,-0.016676750662578836,-0.006415262544656073,0.004533402413050391,0.203
us_domestic_fixed,us_deduplicated,equal_group,ic,3,1000,101,0.003860482209066419,-0.020787641332106373,0.00413789788284223,0.028522147452437422,0.73
us_domestic_fixed,us_deduplicated,equal_group,spread,3,1000,101,-0.0047109801729440315,-0.015245723333601316,-0.004875669978885722,0.0052813947984992945,0.35
us_domestic_fixed,us_deduplicated,equal_group,spread_winsorised,3,1000,101,-0.0026222730762034893,-0.011010832572362109,-0.002524611753959327,0.005691333851173455,0.574
us_domestic_fixed,us_deduplicated,equal_group,net_spread_25bps,3,1000,100,-0.006249688558900797,-0.015670784074085176,-0.006343022510638993,0.0043194891372592,0.22
us_domestic_fixed,us_deduplicated,equal_group,ic,12,1000,101,0.003860482209066419,-0.02133335944266574,0.003529332862817872,0.029143100102137186,0.778
us_domestic_fixed,us_deduplicated,equal_group,spread,12,1000,101,-0.0047109801729440315,-0.015128400132656402,-0.0047921921411733705,0.007109040912982942,0.388
us_domestic_fixed,us_deduplicated,equal_group,spread_winsorised,12,1000,101,-0.0026222730762034893,-0.012058911450157504,-0.002905523706084572,0.0076382793430305245,0.578
us_domestic_fixed,us_deduplicated,equal_group,net_spread_25bps,12,1000,100,-0.006249688558900797,-0.017791549893969177,-0.006301200007519507,0.004502392652531388,0.286
us_domestic_fixed,us_deduplicated,equal_signal,ic,6,2000,101,0.005582739113950159,-0.01994586268106191,0.006069797422727757,0.030603823729458992,0.645
us_domestic_fixed,us_deduplicated,equal_signal,spread,6,2000,101,-0.005170213703134823,-0.016227129166684454,-0.005492296642045748,0.004168024210387351,0.293
us_domestic_fixed,us_deduplicated,equal_signal,spread_winsorised,6,2000,101,-0.0029461022251826303,-0.01200385427580934,-0.002922841051691832,0.006185844813601885,0.523
us_domestic_fixed,us_deduplicated,equal_signal,net_spread_25bps,6,2000,100,-0.006803411653176744,-0.017303282075396317,-0.006964874340947816,0.002833347493533097,0.185
us_domestic_fixed,us_deduplicated,equal_signal,ic,3,1000,101,0.005582739113950159,-0.01800493988867389,0.006219714858346043,0.028161751525600225,0.624
us_domestic_fixed,us_deduplicated,equal_signal,spread,3,1000,101,-0.005170213703134823,-0.015109199091455068,-0.0052032388105149145,0.00396849541851434,0.3
us_domestic_fixed,us_deduplicated,equal_signal,spread_winsorised,3,1000,101,-0.0029461022251826303,-0.011219565425848507,-0.0029216885877148906,0.005505965962308395,0.516
us_domestic_fixed,us_deduplicated,equal_signal,net_spread_25bps,3,1000,100,-0.006803411653176744,-0.016929339081376314,-0.006635487722828384,0.002850358421407442,0.18
us_domestic_fixed,us_deduplicated,equal_signal,ic,12,1000,101,0.005582739113950159,-0.0219777254220508,0.004980245054847766,0.031723168376915356,0.698
us_domestic_fixed,us_deduplicated,equal_signal,spread,12,1000,101,-0.005170213703134823,-0.015198413902188356,-0.0051751307342243775,0.004586995631537187,0.314
us_domestic_fixed,us_deduplicated,equal_signal,spread_winsorised,12,1000,101,-0.0029461022251826303,-0.011873545620804012,-0.0031821887158618176,0.0062307098993401545,0.542
us_domestic_fixed,us_deduplicated,equal_signal,net_spread_25bps,12,1000,100,-0.006803411653176744,-0.016901741775024726,-0.006343373055960265,0.0033107785160059627,0.188
us_domestic_fixed,us_deduplicated,inverse_redundancy,ic,6,2000,65,0.005772026790733277,-0.02942209655877815,0.004770725091212645,0.04096304375703329,0.789
us_domestic_fixed,us_deduplicated,inverse_redundancy,spread,6,2000,65,-0.006077086271628279,-0.020233598764529504,-0.006148123280129916,0.007652017492048613,0.38
us_domestic_fixed,us_deduplicated,inverse_redundancy,spread_winsorised,6,2000,65,-0.0029285579060526605,-0.016343188424961505,-0.0028285223541956745,0.010869721725981716,0.696
us_domestic_fixed,us_deduplicated,inverse_redundancy,net_spread_25bps,6,2000,64,-0.008092989589720073,-0.02231336091290243,-0.00809878290412245,0.006954500209279007,0.27
us_domestic_fixed,us_deduplicated,inverse_redundancy,ic,3,1000,65,0.005772026790733277,-0.02600831215683612,0.00610044169169102,0.03754795588129858,0.68
us_domestic_fixed,us_deduplicated,inverse_redundancy,spread,3,1000,65,-0.006077086271628279,-0.020368501850143713,-0.0062632726133609005,0.008399248549421555,0.4
us_domestic_fixed,us_deduplicated,inverse_redundancy,spread_winsorised,3,1000,65,-0.0029285579060526605,-0.015872065153145678,-0.002471638696624644,0.009514811691809556,0.686
us_domestic_fixed,us_deduplicated,inverse_redundancy,net_spread_25bps,3,1000,64,-0.008092989589720073,-0.021711615832994642,-0.00834411295238778,0.005728833532009004,0.25
us_domestic_fixed,us_deduplicated,inverse_redundancy,ic,12,1000,65,0.005772026790733277,-0.02640669678696045,0.004055344029690265,0.03964705533777097,0.796
us_domestic_fixed,us_deduplicated,inverse_redundancy,spread,12,1000,65,-0.006077086271628279,-0.02041033728271153,-0.006176713615735916,0.008942381583127143,0.412
us_domestic_fixed,us_deduplicated,inverse_redundancy,spread_winsorised,12,1000,65,-0.0029285579060526605,-0.015656429429160543,-0.0028017842060511326,0.011008102474804502,0.672
us_domestic_fixed,us_deduplicated,inverse_redundancy,net_spread_25bps,12,1000,64,-0.008092989589720073,-0.021859083160615387,-0.00821750692761693,0.007347297335358145,0.27
us_domestic_fixed,us_deduplicated,trailing_positive_evidence,ic,6,2000,65,-0.008571098196242966,-0.04443964999621303,-0.008941541027309206,0.025307250249524717,0.607
us_domestic_fixed,us_deduplicated,trailing_positive_evidence,spread,6,2000,65,-0.010854687014630418,-0.02636319685641145,-0.011360218921960291,0.003229931624265348,0.126
us_domestic_fixed,us_deduplicated,trailing_positive_evidence,spread_winsorised,6,2000,65,-0.00787212699365582,-0.021211311764864366,-0.007776345610745456,0.005234628157972754,0.248
us_domestic_fixed,us_deduplicated,trailing_positive_evidence,net_spread_25bps,6,2000,64,-0.012931235658937609,-0.027111612749153927,-0.012654231166429206,0.001833642460520442,0.08
us_domestic_fixed,us_deduplicated,trailing_positive_evidence,ic,3,1000,65,-0.008571098196242966,-0.039382160322357807,-0.008359276982436683,0.027170617411849028,0.648
us_domestic_fixed,us_deduplicated,trailing_positive_evidence,spread,3,1000,65,-0.010854687014630418,-0.024318022132394108,-0.010163225900848814,0.003817201914039726,0.166
us_domestic_fixed,us_deduplicated,trailing_positive_evidence,spread_winsorised,3,1000,65,-0.00787212699365582,-0.02067918067584211,-0.007188551151325867,0.0065936424750733455,0.258
us_domestic_fixed,us_deduplicated,trailing_positive_evidence,net_spread_25bps,3,1000,64,-0.012931235658937609,-0.027829249072792214,-0.012371654376228326,-0.0002661668965933059,0.044
us_domestic_fixed,us_deduplicated,trailing_positive_evidence,ic,12,1000,65,-0.008571098196242966,-0.042259410572650584,-0.008258641743188667,0.023200690077161332,0.672
us_domestic_fixed,us_deduplicated,trailing_positive_evidence,spread,12,1000,65,-0.010854687014630418,-0.02570909394494935,-0.010031977184908995,0.003551140895802209,0.148
us_domestic_fixed,us_deduplicated,trailing_positive_evidence,spread_winsorised,12,1000,65,-0.00787212699365582,-0.020769525207880366,-0.007440666593723923,0.0036129118156578858,0.208
us_domestic_fixed,us_deduplicated,trailing_positive_evidence,net_spread_25bps,12,1000,64,-0.012931235658937609,-0.02606264796679927,-0.012766430857353628,0.0012123342114559524,0.08
us_domestic_fixed,us_eligible,equal_group,ic,6,2000,101,0.0016824772910025289,-0.024365811682682918,0.001621550862546071,0.030176742932998536,0.903
us_domestic_fixed,us_eligible,equal_group,spread,6,2000,101,-0.005262939007126091,-0.016083117333392228,-0.005523296533376023,0.005112562907991181,0.331
us_domestic_fixed,us_eligible,equal_group,spread_winsorised,6,2000,101,-0.003214667306782217,-0.012733457287542294,-0.003244599942903585,0.006673448603467665,0.535
us_domestic_fixed,us_eligible,equal_group,net_spread_25bps,6,2000,100,-0.006743134869049849,-0.016889504653565736,-0.006692712839090762,0.004268301130503603,0.232
us_domestic_fixed,us_eligible,equal_group,ic,3,1000,101,0.0016824772910025289,-0.02368835445020888,0.0015908014821506221,0.025469628999424572,0.898
us_domestic_fixed,us_eligible,equal_group,spread,3,1000,101,-0.005262939007126091,-0.014568819400853528,-0.00509408129558594,0.004521530088578482,0.258
us_domestic_fixed,us_eligible,equal_group,spread_winsorised,3,1000,101,-0.003214667306782217,-0.012130276012475323,-0.0032283169338396854,0.005995292661607405,0.472
us_domestic_fixed,us_eligible,equal_group,net_spread_25bps,3,1000,100,-0.006743134869049849,-0.016098898981675325,-0.0068416911261279904,0.0024489157878238117,0.164
us_domestic_fixed,us_eligible,equal_group,ic,12,1000,101,0.0016824772910025289,-0.02427094588956993,0.00245259751249862,0.029350182376313864,0.852
us_domestic_fixed,us_eligible,equal_group,spread,12,1000,101,-0.005262939007126091,-0.016120675854665867,-0.005016829919656941,0.00596330353007944,0.324
us_domestic_fixed,us_eligible,equal_group,spread_winsorised,12,1000,101,-0.003214667306782217,-0.013079899863331138,-0.003169559201768266,0.007554568746536091,0.55
us_domestic_fixed,us_eligible,equal_group,net_spread_25bps,12,1000,100,-0.006743134869049849,-0.017238479357114107,-0.006513893097684731,0.004514955955432753,0.224
us_domestic_fixed,us_eligible,equal_signal,ic,6,2000,101,0.0021225246670911455,-0.02518022123164011,0.0021686731101044996,0.029087945795705054,0.884
us_domestic_fixed,us_eligible,equal_signal,spread,6,2000,101,-0.006786796994720685,-0.017558071625725088,-0.006590600256590924,0.0037506343452859397,0.208
us_domestic_fixed,us_eligible,equal_signal,spread_winsorised,6,2000,101,-0.004343900991399012,-0.013607833018853058,-0.004141538076538673,0.0049543287555094415,0.394
us_domestic_fixed,us_eligible,equal_signal,net_spread_25bps,6,2000,100,-0.008350761184654778,-0.018962679023697988,-0.008205435472310178,0.002061004810449954,0.121
us_domestic_fixed,us_eligible,equal_signal,ic,3,1000,101,0.0021225246670911455,-0.02485219482039288,0.001085555006696336,0.028161285949377945,0.94
us_domestic_fixed,us_eligible,equal_signal,spread,3,1000,101,-0.006786796994720685,-0.016267758229365138,-0.00645374358200302,0.004088566788410739,0.2
us_domestic_fixed,us_eligible,equal_signal,spread_winsorised,3,1000,101,-0.004343900991399012,-0.013635125116999061,-0.004462511497671682,0.0039037858422119867,0.33
us_domestic_fixed,us_eligible,equal_signal,net_spread_25bps,3,1000,100,-0.008350761184654778,-0.018689253807879055,-0.008501333155144196,0.0011847124350751763,0.094
us_domestic_fixed,us_eligible,equal_signal,ic,12,1000,101,0.0021225246670911455,-0.023809351247045456,0.0024300161465696532,0.02813871850524999,0.876
us_domestic_fixed,us_eligible,equal_signal,spread,12,1000,101,-0.006786796994720685,-0.01668929792968152,-0.006197735220350501,0.004243705120217547,0.224
us_domestic_fixed,us_eligible,equal_signal,spread_winsorised,12,1000,101,-0.004343900991399012,-0.01466873517881749,-0.00426697129721138,0.004718766287371037,0.382
us_domestic_fixed,us_eligible,equal_signal,net_spread_25bps,12,1000,100,-0.008350761184654778,-0.01937299154075325,-0.008417073392393865,0.0029270490645389316,0.146
us_domestic_fixed,us_eligible,inverse_redundancy,ic,6,2000,65,0.005100783518150741,-0.03270785446561681,0.0050493000500442834,0.0406362316562224,0.805
us_domestic_fixed,us_eligible,inverse_redundancy,spread,6,2000,65,-0.004524387727862895,-0.01898665003292967,-0.004631638034896238,0.009388012205775226,0.558
us_domestic_fixed,us_eligible,inverse_redundancy,spread_winsorised,6,2000,65,-0.0016007449193712814,-0.014826757236980424,-0.001994160766854612,0.010955646837023998,0.773
us_domestic_fixed,us_eligible,inverse_redundancy,net_spread_25bps,6,2000,64,-0.006540444408621289,-0.020389297976353502,-0.006705553740172834,0.00709037507077573,0.367
us_domestic_fixed,us_eligible,inverse_redundancy,ic,3,1000,65,0.005100783518150741,-0.02867875591909889,0.006123836567064116,0.035952647211070846,0.714
us_domestic_fixed,us_eligible,inverse_redundancy,spread,3,1000,65,-0.004524387727862895,-0.01690280799501997,-0.004006723863719646,0.00845933025070679,0.558
us_domestic_fixed,us_eligible,inverse_redundancy,spread_winsorised,3,1000,65,-0.0016007449193712814,-0.014673488199484802,-0.0013782467225593486,0.009845332581821993,0.834
us_domestic_fixed,us_eligible,inverse_redundancy,net_spread_25bps,3,1000,64,-0.006540444408621289,-0.020358291451092,-0.006974131913595215,0.006515046464765182,0.29
us_domestic_fixed,us_eligible,inverse_redundancy,ic,12,1000,65,0.005100783518150741,-0.027324314212562446,0.004143337541300777,0.04015153065399626,0.81
us_domestic_fixed,us_eligible,inverse_redundancy,spread,12,1000,65,-0.004524387727862895,-0.017112171826724577,-0.004370072143672745,0.009614402379939836,0.536
us_domestic_fixed,us_eligible,inverse_redundancy,spread_winsorised,12,1000,65,-0.0016007449193712814,-0.013093709716370762,-0.0011970462041119637,0.010914131380498054,0.844
us_domestic_fixed,us_eligible,inverse_redundancy,net_spread_25bps,12,1000,64,-0.006540444408621289,-0.0198251765206548,-0.006923967034259744,0.00831441175078272,0.366
us_domestic_fixed,us_eligible,trailing_positive_evidence,ic,6,2000,65,-0.012138159054658584,-0.04312343495015419,-0.012199401964067866,0.018442597204541392,0.464
us_domestic_fixed,us_eligible,trailing_positive_evidence,spread,6,2000,65,-0.01206736334149358,-0.02423092807007247,-0.011946204788854314,0.0007000889165897414,0.065
us_domestic_fixed,us_eligible,trailing_positive_evidence,spread_winsorised,6,2000,65,-0.009242432884699206,-0.0215389724543433,-0.009085660927570101,0.002270273850222246,0.126
us_domestic_fixed,us_eligible,trailing_positive_evidence,net_spread_25bps,6,2000,64,-0.014235022929514993,-0.028076084845896788,-0.014124473100074926,-0.0016288079803039853,0.023
us_domestic_fixed,us_eligible,trailing_positive_evidence,ic,3,1000,65,-0.012138159054658584,-0.04505849383581337,-0.011883280327654552,0.021913199908542475,0.474
us_domestic_fixed,us_eligible,trailing_positive_evidence,spread,3,1000,65,-0.01206736334149358,-0.025879533420082243,-0.011639298728835214,0.0017651854323436785,0.09
us_domestic_fixed,us_eligible,trailing_positive_evidence,spread_winsorised,3,1000,65,-0.009242432884699206,-0.021749566170634137,-0.009175136895338176,0.0032475003770381775,0.146
us_domestic_fixed,us_eligible,trailing_positive_evidence,net_spread_25bps,3,1000,64,-0.014235022929514993,-0.02803090592682263,-0.014111283889140687,-0.001107670529421675,0.038
us_domestic_fixed,us_eligible,trailing_positive_evidence,ic,12,1000,65,-0.012138159054658584,-0.040906057417727994,-0.011113855556729252,0.0151010522848556,0.416
us_domestic_fixed,us_eligible,trailing_positive_evidence,spread,12,1000,65,-0.01206736334149358,-0.02467627998801227,-0.01211488681093557,-0.0009977635028752417,0.034
us_domestic_fixed,us_eligible,trailing_positive_evidence,spread_winsorised,12,1000,65,-0.009242432884699206,-0.019947440375965658,-0.008995445999529852,0.0017525511745417634,0.106
us_domestic_fixed,us_eligible,trailing_positive_evidence,net_spread_25bps,12,1000,64,-0.014235022929514993,-0.026450352408158358,-0.013991227501207338,-0.0020610237234333258,0.02
us_domestic_fixed,us_native,equal_group,ic,6,2000,101,0.00896879125527628,-0.020430575218231585,0.00891275687195064,0.03599848437883762,0.567
us_domestic_fixed,us_native,equal_group,spread,6,2000,101,-0.005327887725608362,-0.016275123500669036,-0.005101143969656198,0.004271579959355044,0.298
us_domestic_fixed,us_native,equal_group,spread_winsorised,6,2000,101,-0.002995914559321598,-0.013229866146504647,-0.0027524972173741183,0.0060679246381962395,0.555
us_domestic_fixed,us_native,equal_group,net_spread_25bps,6,2000,100,-0.007127425194150618,-0.017882275185762166,-0.0070115137058115624,0.0022014698074206886,0.154
us_domestic_fixed,us_native,equal_group,ic,3,1000,101,0.00896879125527628,-0.021738019248156968,0.01001527564332077,0.03653374451922045,0.478
us_domestic_fixed,us_native,equal_group,spread,3,1000,101,-0.005327887725608362,-0.015850896395231667,-0.005175793809625037,0.004296306004099009,0.32
us_domestic_fixed,us_native,equal_group,spread_winsorised,3,1000,101,-0.002995914559321598,-0.01279883087764601,-0.0028418024766794924,0.006159802413910838,0.538
us_domestic_fixed,us_native,equal_group,net_spread_25bps,3,1000,100,-0.007127425194150618,-0.01788469632315088,-0.007072210906608786,0.003281693690327837,0.17
us_domestic_fixed,us_native,equal_group,ic,12,1000,101,0.00896879125527628,-0.02167454669379703,0.009502070049318159,0.03649486525638248,0.526
us_domestic_fixed,us_native,equal_group,spread,12,1000,101,-0.005327887725608362,-0.015307136238151293,-0.005389809557954867,0.004547130822342442,0.29
us_domestic_fixed,us_native,equal_group,spread_winsorised,12,1000,101,-0.002995914559321598,-0.011534206050186303,-0.0029574209074418392,0.006081372153773168,0.554
us_domestic_fixed,us_native,equal_group,net_spread_25bps,12,1000,100,-0.007127425194150618,-0.01716459669132543,-0.007309006296413328,0.0027905435380610705,0.158
us_domestic_fixed,us_native,equal_signal,ic,6,2000,101,0.0033802946521209174,-0.031443002592899436,0.0053172053239068425,0.03615438483061036,0.785
us_domestic_fixed,us_native,equal_signal,spread,6,2000,101,-0.008136989496647562,-0.020756326380957625,-0.008014410024748467,0.0026416757294111747,0.153
us_domestic_fixed,us_native,equal_signal,spread_winsorised,6,2000,101,-0.005693292497092093,-0.016513311399620496,-0.0055369817992829765,0.004634371245419711,0.282
us_domestic_fixed,us_native,equal_signal,net_spread_25bps,6,2000,100,-0.009720847338565897,-0.020786933881280157,-0.009521795568242623,0.0016216277385186567,0.08
us_domestic_fixed,us_native,equal_signal,ic,3,1000,101,0.0033802946521209174,-0.028365795624851874,0.0033646589640047627,0.03655552695155058,0.814
us_domestic_fixed,us_native,equal_signal,spread,3,1000,101,-0.008136989496647562,-0.02004360230360733,-0.007633451915765121,0.002814265291147273,0.16
us_domestic_fixed,us_native,equal_signal,spread_winsorised,3,1000,101,-0.005693292497092093,-0.016649375973254745,-0.005358704302590755,0.004561893637788775,0.302
us_domestic_fixed,us_native,equal_signal,net_spread_25bps,3,1000,100,-0.009720847338565897,-0.021464622162714723,-0.00953112376389319,0.0022249832062955738,0.102
us_domestic_fixed,us_native,equal_signal,ic,12,1000,101,0.0033802946521209174,-0.031553644600102466,0.003107525211741364,0.03296119579963647,0.834
us_domestic_fixed,us_native,equal_signal,spread,12,1000,101,-0.008136989496647562,-0.020552464592635985,-0.008098881598831013,0.0034299706281339525,0.19
us_domestic_fixed,us_native,equal_signal,spread_winsorised,12,1000,101,-0.005693292497092093,-0.015378233417424232,-0.005412894799792213,0.004592083465811838,0.324
us_domestic_fixed,us_native,equal_signal,net_spread_25bps,12,1000,100,-0.009720847338565897,-0.021037740622996164,-0.00940582190486214,0.002355503275214214,0.11
us_domestic_fixed,us_native,inverse_redundancy,ic,6,2000,65,0.0021333151591495982,-0.03742350451769705,0.0038021083653519147,0.03993606776514904,0.852
us_domestic_fixed,us_native,inverse_redundancy,spread,6,2000,65,-0.00828470427092996,-0.022974836297949705,-0.008200647558252908,0.004436154619614651,0.245
us_domestic_fixed,us_native,inverse_redundancy,spread_winsorised,6,2000,65,-0.004996639411664807,-0.018199615473630543,-0.005215060266660144,0.006790137778945284,0.434
us_domestic_fixed,us_native,inverse_redundancy,net_spread_25bps,6,2000,64,-0.011130006177200209,-0.025246642902286884,-0.011222945984033311,0.001898320289050151,0.095
us_domestic_fixed,us_native,inverse_redundancy,ic,3,1000,65,0.0021333151591495982,-0.03663369761485646,0.003508352282788074,0.03702920383598693,0.844
us_domestic_fixed,us_native,inverse_redundancy,spread,3,1000,65,-0.00828470427092996,-0.022635616751239054,-0.007527265995302627,0.004944208564293551,0.246
us_domestic_fixed,us_native,inverse_redundancy,spread_winsorised,3,1000,65,-0.004996639411664807,-0.017999965914239614,-0.004609168926846549,0.007818672826445626,0.454
us_domestic_fixed,us_native,inverse_redundancy,net_spread_25bps,3,1000,64,-0.011130006177200209,-0.024941964053489682,-0.010658164265217776,0.0020908480994767226,0.106
us_domestic_fixed,us_native,inverse_redundancy,ic,12,1000,65,0.0021333151591495982,-0.036245099203910565,0.001926893223020885,0.03641892248629812,0.93
us_domestic_fixed,us_native,inverse_redundancy,spread,12,1000,65,-0.00828470427092996,-0.021881557067172513,-0.008128055229498223,0.004992888525203799,0.226
us_domestic_fixed,us_native,inverse_redundancy,spread_winsorised,12,1000,65,-0.004996639411664807,-0.016361178155293296,-0.005289517349756171,0.0075075987489675805,0.376
us_domestic_fixed,us_native,inverse_redundancy,net_spread_25bps,12,1000,64,-0.011130006177200209,-0.023374979863207062,-0.011267140487789507,0.003973635923210559,0.136
us_domestic_fixed,us_native,trailing_positive_evidence,ic,6,2000,65,0.004805671522331213,-0.03521653239244118,0.006565785376796614,0.037352788034976235,0.746
us_domestic_fixed,us_native,trailing_positive_evidence,spread,6,2000,65,-0.0028263753726712306,-0.018900873615769368,-0.0022172538410662,0.009461528895056567,0.759
us_domestic_fixed,us_native,trailing_positive_evidence,spread_winsorised,6,2000,65,-0.0006979851104094522,-0.014931183009132978,-0.00020878876862880444,0.010647731894321107,0.972
us_domestic_fixed,us_native,trailing_positive_evidence,net_spread_25bps,6,2000,64,-0.005325866385168515,-0.02078450032382099,-0.004558598165350055,0.007558389383370479,0.515
us_domestic_fixed,us_native,trailing_positive_evidence,ic,3,1000,65,0.004805671522331213,-0.030814724692386587,0.006267729183265757,0.036761371858727625,0.744
us_domestic_fixed,us_native,trailing_positive_evidence,spread,3,1000,65,-0.0028263753726712306,-0.018324840416877257,-0.0022843902292444098,0.009266906307731772,0.72
us_domestic_fixed,us_native,trailing_positive_evidence,spread_winsorised,3,1000,65,-0.0006979851104094522,-0.015027261150820434,-1.861579484688785e-05,0.01100552153611111,0.998
us_domestic_fixed,us_native,trailing_positive_evidence,net_spread_25bps,3,1000,64,-0.005325866385168515,-0.019616125383757115,-0.004964204077783711,0.00716318013545211,0.424
us_domestic_fixed,us_native,trailing_positive_evidence,ic,12,1000,65,0.004805671522331213,-0.03479368091257451,0.005815512472202487,0.03817671966623973,0.78
us_domestic_fixed,us_native,trailing_positive_evidence,spread,12,1000,65,-0.0028263753726712306,-0.019906016151122453,-0.0021915330760674074,0.010146746065178527,0.776
us_domestic_fixed,us_native,trailing_positive_evidence,spread_winsorised,12,1000,65,-0.0006979851104094522,-0.015311571931748015,-0.00035361286711322346,0.010306249614061694,0.966
us_domestic_fixed,us_native,trailing_positive_evidence,net_spread_25bps,12,1000,64,-0.005325866385168515,-0.021838125801999,-0.004493685974595173,0.00805464301725138,0.546
